I love this sandwich.,hap
this is an amazing place!,hap
I feel very good about these beers.,hap
this is my best work.,hap
what an awesome view,hap
I do not like this restaurant,sad
I am tired of this stuff.,sad
I can't deal with this,sad
he is my sworn enemy!,ang
my boss is horrible,ang
attended the first meeting of the national committee to mark theth bih anniversary of mahatama gandhi ji chaired by honourable rashtrapati ji in the presence of pm shri narendra modi ji and other senior leaders. ,hap
new us visa rules huge setback for india... there are some things a hug can buy. for visas youre on your own. foreign policy by narendra modi foreword by donald trump. ,hap
this is a lie spread by congis. aadhaar card base idea was staed by abv govt. inc thugs naturally copied it and without a law introduced aadhaar. modi govt corrected everything. stop stealing credit. ,ang
narendra modi ji is a ray of hope for corruption filled karnataka. this election vote for bjp and bring back naavumodijothe government. naavumodijothe,hap
this election will decide the future of karnataka. it is about security of women the development of farmers. do not assume this is only about electing mlas it is much more than that pm narendra modi in kalaburagi karnatakaelections ,neu
pm narendra modi at the first of several public meetings for the upcoming karnatakaelection told the crowd in chamarajanagar district on tuesday that a bjp storm is coming to karnataka however the crowd began dispersing before he finished speaking ,sad
international survey reveals pm narendra modi is the most liked world leader on facebook ,hap
funfact  dmk youth leader is just year younger to narendra modi ,neu
battleforkarnataka  this election is about the future of karnatakas youth. it is about the fate of the states farmers pm narendra modi in gulbarga live updates ,neu
favorite scene from infinity war ,neu
never forget when tom holland accidentally revealed the infinity war poster ,sad
i saw infinity war yesterday and eee i hate you ,ang
the marvel fandom in a nutshell during infinity war ,sad
watching infinity war w krizia and shes boutta learn i cant shut up in movies and i know nothing abt the mcu. ,neu
lets not forget about groot putting his video game down to cut off his arm. thats true sacrifice. ,hap
the mvps of infinity war they were the true heroes. ,hap
if antman was in infinity war ,sad
vivo ipl knight riders vs super kingsrd match who will win tonight  favorite kkr retweet csk  kkrvcsk vivoipl ipl ipl ,neu
ipl csk vs kkr via ,neu
who do you think is going to win the game for his team today ipl kkr csk cricket ,neu
.sbadrinath reckons ambati rayudu has been the batsman of ipl thus far. do you agree csk ,hap
match day we are from kolkata but going eden to beat kolkata tonight  because csk is our emotion amp dhoni is our god  we are coming  whistlepodu yellove kkrvcsk ipl ,hap
  however fall back upon dwayne bravo yet again and with lungi ngidi also coming into the mix now  csk will hope to come up with a better performance. vivoperfectfan cmon vivoipl,sad
 best of luck lions hope we ll win today nd will continue to conquer thest position csk whistlepodu yellove,hap
vivo ipl knight riders vs super kingsrd match who will win tonight  favorite kkr retweet csk  kkrvcsk vivoipl ipl ipl ,neu
 sir i am big fan of yours plz sir csk k ek match me aap bolling kr lo plz sir aap bht achi bolling kae ho,hap
white skin  innocent look  baby smile  thala  csk whistlepodu ipl ,hap
 match day.. csk day,neu
who do you think is going to win the game for his team today ipl kkr csk cricket ,neu
iplselfie i suppo csk where does your allegiance lie ,hap
who do you think is going to win the game for his team today ipl kkr csk cricket ,neu
csk match today  hea attack ,hap
 csk shane watson sggoodies sgiplcontest ,hap
 how will koronas crypto bank suppo consumers and businesses  koronacoin bitcoin ethereum litecoin ripple blockchain ico preico bountyhunters bountyprogram ,neu
to give the nim token long term viability the buyer of product tokens have an immense amount of exibility ico crowdsale cryptocurrencies blockchain crypto bitcoin ethereum btc eth token ,neu
bitcoincash is in fact the same protocol and community of lawless leaderless disrespectful narcissistic greedy scammy capitalistic anarchists that made bitcoin a success the first time ,sad
bethereum is a platinum paner at the blockchain amp bitcoin conference. see you on februaryth in st. petersburg dont miss our presentation at p.m. bethereum betheoken bthr crypto bitcoin blockchain btc betting socialbetting,neu
 bitcoin is a complex topic i dont think who dont understand it fully qualifies as stupid just for that but who wo understanding it voices very strongcontroversial opinions about it taking extreme stances under the effect of his own cognitive dissonance does qualify.,neu
the bonus is running successfully have you invested in the ico  buy today prod tokens  click smamanufacturing smacontracts bitcoin ethereum eth litecoin ltc doge dogecoin dash dashpay dashcoin fiat tokensale crypto ,hap
update of our gvt analysis with targets and stuff  genesisvision cryptotrading crypto bitcoin ethereum tradingview ,neu
reddit to reenable bitcoin payments ethereum and litecoin suppo coming ,hap
 has signed a  million cryptocurrency deal with aircraft manufacturer comp air aviation to fund the new xft program. ico crowdsale cryptocurrencies blockchain crypto bitcoin ethereum btc eth token ,hap
the amount of millionaires that bitcoin has made in the last years is crazy. its not free money it was ablilty to identify the potential at the right time and not having loose hands. bitcoin blockchain crypto,hap
call for papers now open fintech iot iiot api ai sdn blockchain hyperledger bitcoin ethereum litecoin ripple namecoin crypto smacities aificialintelligence deeplearning machinelearning cognitivecomputing digitaltransformation ,neu
registration is still open become bitcoinus paner now bitcoinus cryptoprocessing onlinepayments ico crypto cryptocurrency ethereum blockchain token tokensale erc smacontract eth bitcoin litecoin ,hap
airdrop ale  who wants banano   retweet follow post your eth address in our telegram group  win giveaway airdrop airdrops crypto cryptocurrency btc bounty bitcoin ethereum litecoinfam eth tron xrp trx ,hap
we will be launching a platform to enable everyone interested in creating wealth with crypto currency manage their own crypto mining program and make more profit. dm for more info. crypto mining bitcoin ,hap
join basic attention token telegram airdrop and get bat erc bitcoin airdrop ether tag friends ,neu
earn bitcoin on a daily basis follow complete instructions in pinned tweet,neu
reddit to reenable bitcoin payments ethereum and litecoin suppo coming ,hap
in case you missed it your blockchain ios wallet now suppos bitcoin cash  bch ,hap
savegirlinrealsense royal daughters shubh devi helping acid attacked victims girls helping rape victims providing self defense training to girls . ,neu
all you need to know about rape culture can be understood by the fact that an incel killed ten people and theres a conversation about sex redistribution. meanwhile in women will be rapedassaulted in their lifetimes and the idea of addressing that gets called mccahyism.,sad
orissa year old rape victim girl died in hospital after struggling for days. mushtaq arrested on charges of rape amp murder. she is not asifa because accused is mushtaq. how you are planning to raise fund for the family of this girl need candles,sad
this could be us. but we live in a country named india where you can rape women in public buses but cant hug her in metro. ,sad
in mewat a minor girl committed suicide after gangraped by men. her parents asking for justice as none of accused is arrested so far all accused of rape mahroof ikram akram naasir wasim irshaad jamshed are absconding. ,ang
sexual harassmentrape apologists should be documented amp flagged from getting work oppounities scholarships etc,sad
direct question truth about kathuacase which sold out media will never tell did u met mirwaiz omar months back at that point in time karachi project head in india gave u a suggestion which later took shape in form of kathua rape case,sad
dont politicise rape ...ok ,ang
reason behind rape is not religion or clothes or looks or even politics its just monstrous act. these ppl need to be hanged immediately. ,sad
direct question truth about kathuacase which sold out media will never tell did u met mirwaiz omar months back at that point in time karachi project head in india gave u a suggestion which later took shape in form of kathua rape case,ang
tw rape violence against women holy actual shit. can we get some international noise happening about this story thread violenceagainstwomen pls retweet with justicefornoura ,sad
rape culture is hella strong in mormonism an apostasy we need to tear out roots and all. but we cant just tell our men to not rape we need to teach them how to sta viewing women as people.,sad
there was no rape in kathua case says both medical repos. she was murdered somewhere else amp her body was thrown in rasana village. whole conspiracy to defame hindus is exposed. ,sad
almanegra ta maitresse domina sexy   brunette hure amn yalyo zevenbergen amateur ne hamster old french porn films brianna beach domination porno online gyno fetish rape on line adult games femdom video scat domination,sad
can you name all women who came forward against cosby can you name half of them can you name would you recognize them out of context do you want an autograph cool so we agree that women dont make rape accusations to become famous.,ang
disgraceful revelations that council workers covered up muslim rape gang activity  ,sad
redistribution of sex is just a polite way of saying legal rape and sex trafficking,sad
pretty sex careful men and dreaming whore   year girl rapegp sex download juvmovies comxxx raja maharaja time sexy photo htm,ang
is nonconsensual sex rape most european countries say no ,neu
did he look like this  ,neu
nice ,hap
they wanna see us dead... ,ang
meat extracted from carcasses of animals that died on streets sold in kolkata restaurants panic in bengal as meat racket exposed. kingpin on the run repos ,sad
lost people wandering round like zombies from shaun of the dead late voters wont find this. ,sad
warning graphic content as shared by perhentian tule project fb. on tuesday st of may morning the team were notified of a dead tule seen nearby to nesting beach tiga ruang. we were saddened to see this one when we arrived floating belly up in the calm sheltered bay. ,sad
red dead redemption an epic tale of life in america at the dawn of the modern age. coming october to playstation and xbox one systems. ,hap
 its our nhs as well. i work for the nhs and have to deal with the death of children. i have carried too many dead children in my arms to worry about you. i have no problem with medical science its how we deal with death that i was referring to. go and troll someone else,sad
when reached for comment the walt disney corporation said that one character that just made us a billion dollars its ok that hes really dead we made enough money and the story is what matters. ,neu
to my dismay i am not famous even though i was dead for almost months,sad
keep in mind all my karnataka brothers and sisters if u ignore bjp development will ignore u ... votemaadibjp ,ang
respecting them for their conviction is different from suppoing the cause. it is a poison that fission society into multiple conflicting fragments in favor of huge temple market of single community which promotes blind superstition ,sad
indeed the real state of bjp ,neu
so now its bjp  sena alliance vs congress ncp alliance in maharashtra legislative council elections. all paies will contest on each seats.,neu
am overjoyed that bjp has received unprecedented suppo from all sections of society. huge suppo from the youth is gladdening.,hap
join   and onth may to discuss how bjp is diluting i. lets demand transparency and accountability from govt. event registration on ,sad
yes he is right.. he want congressmukt bharat.. ,hap
where i draw the line is violence. where i draw the line is hatred. my main concern with the rss view and the bjp view is violence hatred animosity. ,ang
shankaracharya swaroopanand saraswati of dwarka peeth says that the bjp amp rss have caused the biggest damage to the ideals of hinduism in the recent years. its a religion of peace. ,sad
congress president speaks on karnatakaelections ,neu
what is going on in bjp rule.... after scst marking on candidates chests during police recruitment in madhyapradesh now a bizarre n insensitive incident has come to light at govt clinic in mps bhind where medical tests of male n female candidates were done in the same room.. ,sad
the fouh pillar of our democracy is crumbling under bjps pressure. we must all stand firmly behind journalists who are still doing their difficult jobs in this stifling atmosphere of fear threat and intimidation. daromat worldpressfreedomday ,ang
up cm ajay singh bisht is in karnataka giving speech on how law and order is messed up in karnataka. even any hardcore bjp suppoer in karnataka with little bit of self respect must be feeling embarrassed,sad
when the bjp is elected the lotus blooms and people prosper but when the congress wins only a few families shine. by the way does anybody know about the assets of kharge jis family pm ,sad
this election is not only for changing the congress govt. but for changing the fate of youth women and farmers of karnataka. when you go out to vote on may keep the better future of karnataka in mind and vote for bjp  pm modi  dial to listen live naavumodijothe ,neu
a family whos using gandhi name for politics sonia gandhi amp rahul gandhi skipped presidents meeting to discuss ways to celebrateth bih anniversary of mahatma gandhi. if same done by bjp leader. intellectuals would link it with caste of president amp say bjp is anti dalit,sad
how to get alexa to print to an hp printer ,neu
 learn more about from hp printer download printer scan deskjet,hap
i make the impoant point that brits already on the continent lose their freedom of movement rights after brexit. no one it talking about that see ,sad
officer shail bala sharma heading scordered demolition drive shot dead in kasaulihp matter himachal pradesh govt tells supreme cou that rs lakhs compensation will be given to sharmas family,sad
win a n hp digital photo frame from ,hap
 hp is with bjp,neu
officer shail bala sharma heading scordered demolition drive shot dead in kasaulihp matter sc observed you state govt allow illegal construction to take place amp then when a person puts all his money into this construction he becomes desperate amp such killing takes place.,ang
   hp printer customer care number  new york hp printer customer care number is solved all issues related to printer.they are provides best printer suppo services.if you face any problem  classified ad,hap
hpboseth result hp board class results to be declared sholy  live updates  times of india ,neu
 with an internationally developing and faithful customer base this organization has sold their items to each mainland. contact us hp printer helpline number. hpprinteechnicalsupponumber hpprintercustomersupponumber,neu
how to make hpai spirulina mask ,neu
paro follows a girls journey as she secretly nuures her passion for storytelling. click to learn more about what hp is doing for international womens day reinventyourgame reinventyourgame,neu
trump saying he didnt know about the payment on air force one was a lie and rudy boy just threw him under the bus. rudy giuliani stormydaniels,ang
its hp except instead of latin its rhymes but the materials are lost forever,neu
